cluster.id.items,qualtrics_id
5,R_0B3sd6PDs4u4JNf
6,R_0IJZKTzkc4l0c1z
9,R_0feK56Tra0MXWCt
9,R_10GYpyC9cgdCuFA
9,R_10Tb46qZTVHmwpl
9,R_116O2rIm4DqX1I2
6,R_11cQkXrWwfmXWLr
1,R_11hduNyaVbu5hvn
1,R_125RmZPKHO45WTm
1,R_125s3mq8SeTE7uJ
10,R_12EjT7RxOQCHSTh
9,R_12gzPjj9bAK9XJd
6,R_1BX8tnq5Cse94xd
10,R_1Ce9JtI6EfQnEVJ
6,R_1Cp6vr7EkdDRreG
9,R_1CrQvou1DAGNE1h
5,R_1DFGaL0j7cI1tKT
1,R_1DGbTdcEP37ztG4
9,R_1DIHC6dyBkpuJBc
5,R_1E4BWZrQgYobVvV
9,R_1E6H3sHaR2dvgQ3
2,R_1EiGkDTMiI5BJ8J
9,R_1FJp4SRV8ni6s81
6,R_1FdUkppqI4tBNLj
1,R_1FnUKd4NEItOkt0
9,R_1GHLe6dlLyeSwU3
9,R_1GIxWmLE7eIwisV
1,R_1GN3DBXHhLQgDfa
5,R_1HcmEHH8Wbm4YLS
6,R_1HnlapH83U0K7M1
9,R_1IgAFJHGgJm4eMd
1,R_1JFUgNdDjXzAIlS
9,R_1JVkMpdmDHoYHbY
5,R_1K6GPsRugok2SaK
5,R_1LFsKHfiSyONu3s
9,R_1LHyL9GDafqPSFn
1,R_1LIp6fZ6WisCDNi
1,R_1LSGsIiksBoXywR
10,R_1LTCXNMHzqCiCac
6,R_1LTl7krnzY2ilLw
4,R_1LZtMjog4i7Lijg
11,R_1LcwSx99uLZgvsn
10,R_1Lv7smkibKbhKBr
1,R_1M3CTDwcYbxGFKf
1,R_1Ny2bPGg49RRVI2
9,R_1NzGVmlfHUoHzXd
13,R_1ONOSOoH9ZDR5iB
1,R_1OrbFLEQDDlt2TW
5,R_1P2l2r5MKdcmviV
12,R_1PYTyuEZV5gN2xW
9,R_1Q4bHcdNzviptbH
9,R_1Q5aHdXnt1iI0Fu
1,R_1QEhnkTxo1t2QMP
1,R_1QJU1EFeeHwLmjB
13,R_1QJWoLT0Ukq9vui
9,R_1QLy7eVBqzRzNIZ
0,R_1Qfw2lCE3B6LTfA
5,R_1QowIoH2xhz72Co
5,R_1Zb7BcHnU5O3c5j
13,R_1ZwjmrGYbO1Xc1X
5,R_1cUstVhmQBwmhvn
6,R_1d6NgyfwsVOdZZz
1,R_1dctVYl2puCr3Mj
6,R_1ddfBosUz2o3WIC
13,R_1eFSq08BlkCnUpP
1,R_1eK3WqPfarkZYLq
9,R_1eLaHGwtA2d1yYr
9,R_1eRWOxEcQhHTste
13,R_1exatLyQj5Hynau
9,R_1ezYlDdgrpg8x0d
5,R_1f13lvLiFOnuAgl
9,R_1f18PJOY1vRnJXM
9,R_1f3fAqVFq1KEcKJ
1,R_1f3jQQqQgIlYAJj
1,R_1gUWQkUujfWGLLT
5,R_1ghZRXm56atQkXo
9,R_1hLO7n4u1BqlZ3i
6,R_1hXfaIaxU1dif5F
6,R_1i4lEWREe8n47KD
5,R_1iaKqViB4WTZwlD
9,R_1ikaivHGKQwAw3B
2,R_1jGJbQ8LDTloHpK
1,R_1jPNkb3tlHH7iSf
1,R_1jk5O8PQyyRE8Ti
1,R_1jw8oSxAVwx0ygQ
10,R_1kHQbngQXAHf5jG
13,R_1kIGBOJomSakZxC
9,R_1kIGeKtX1c3Czwy
1,R_1kIvZ7spm5KdrEu
5,R_1kMKl8lcCIwmfT2
9,R_1kTuGydzvr20mVW
9,R_1ln1CHry0pqi6lx
5,R_1luhavGaUl0WRNG
13,R_1mO5pMGnUKxxqBB
1,R_1mUBfO2neQuRdyE
13,R_1mrRvYck7qJPKfN
13,R_1nUzHBD596ONbfv
1,R_1o24Vj10WtiiI02
13,R_1ovAwMDUdkRGyqe
9,R_1pQjc4RwVRiCaA9
13,R_1pXudiUbWxAhomJ
1,R_1plkE6HpkiWhfNM
9,R_1pnUtZqZP26tfDx
9,R_1psxKBX4lBO1cvr
1,R_1pxkkmekfoKyI9I
6,R_1qXrBtIs4KI4flG
9,R_1qfyC67q9Dm6mdw
6,R_1r7kHny8sqGcQq6
6,R_1r8EdJHYYojDjMh
1,R_1rjFT075WYs6ATf
6,R_1rqMZ60pcSEgbML
1,R_20MwIli66HYbUUy
1,R_20Z3XwKWhtzscZn
6,R_21GMwVqzbvgnfOX
9,R_21Gs1gR7X1r5RtV
1,R_21bqH1zQIdXfFer
1,R_22UZTFkUGPWKbYC
9,R_22xGNVezrfp6gPY
6,R_240BwySE8YGO6gi
1,R_247ASB4j63QlRNE
9,R_2490lVJXDMdTf5L
9,R_24bFZHxl47kkTTf
9,R_24uZevWxnrYO9XI
1,R_25MVSmG8enQY8wp
1,R_25Wrj1qjDhyak4Z
9,R_25ZKwaeRrsqL8yo
1,R_25zrTCaduKThL54
13,R_262QpQOd7gom9lm
6,R_268seMjftocj0ps
9,R_26eydOz7HWjvSR6
9,R_27UbKCa2OxwFm0S
1,R_27dn3R7EFX8bwPa
5,R_27rR9BJy01i76XO
9,R_27s4ad2gclGzfIF
6,R_27wIzB9hU7IVs9l
7,R_28RHQtGK0hq2dvx
6,R_290OvapLh9RXw0v
1,R_29b8pfMGQBkYy6E
10,R_29hS8k1jQP4PFsZ
9,R_29puVdQCF4O1vEq
6,R_29tr0L9vcoinDwJ
5,R_2ALRiRcJ5HPwMVt
6,R_2BkE5jebQcOMaeA
5,R_2BnfGrLj9A3UVtF
9,R_2Bxsg4zd26JHXql
13,R_2CQIiZ3eiD9r4cV
9,R_2CUM34WpI4RxFDz
9,R_2Ck0Hv6ec9x0c9P
9,R_2CpIEbsR8ZSXw5J
6,R_2E7fXNeQ2qtYFqz
5,R_2EBt7YqYXsY0kXp
9,R_2Eaa8QgmL5YUswx
1,R_2Ev0qUaKMxfNHa4
1,R_2Ezti8fD7hCoEVC
9,R_2OUy6tJrqyjtsFv
1,R_2P7lTu1gSnWTkRG
1,R_2PtbF7oEQ3BMaF3
1,R_2QtUo9PEaZaAzY5
9,R_2R1FSSriFTtVBBf
1,R_2RaDVRvD4GnX4lV
9,R_2S02env9Jv4fMyM
9,R_2S3sQla6nbOcRYy
9,R_2Sk1ezQVQ8FdRz7
7,R_2TN4js9gbpGWNjH
6,R_2TN5Bh6xviSLXSG
9,R_2TUjTIuQf4isKia
9,R_2Toggmc212aeg2d
1,R_2TuuyUCKylikj02
5,R_2V4qA9b0quR1Z8K
6,R_2VI8lPp4TcfGDyE
9,R_2VLbiekyzGprx1b
9,R_2VQmEDuSGxHMXBM
9,R_2XjNzHKmkHV47AW
5,R_2XnGltSUYLG6zNo
1,R_2XnQ4wF2i3SATPF
7,R_2Xor5pNaJOPR6ey
6,R_2YM5kgNYaV6aiT3
1,R_2YglHEuzjgVHl8Z
5,R_2Ynyc8OcodJbHM2
9,R_2ZEQFx2lcRK0Q7P
9,R_2ZKZt45D4RyCvF5
9,R_2ZQQxc51YXd3yLG
9,R_2aahrnjCORo5fg0
5,R_2aeG3P1yQdxfNWw
6,R_2c5gtcfbbNnDcUY
1,R_2cB03QSjhnYBUIP
1,R_2ccKNNRCwLWMTPU
5,R_2ctuD8pnzkZISBI
6,R_2dWre3wfbnS9amW
13,R_2eOukOW2I1ussVl
9,R_2fI4fGU1UAPJR52
13,R_2fJ2FB6FPEuH7es
1,R_2fJ3TghtLgWb7lT
9,R_2feVPi36vsZa07E
1,R_2fq7XQ2cm20nUqI
1,R_2fqUcnWXMDMRoiM
5,R_2q7VIdvnqsYIQT3
5,R_2q7X6RFGB7xNJcq
9,R_2qC4weeLrXCIR1w
9,R_2qg7HPWGYt7dzwM
6,R_2qmzeS7P98KLQa4
9,R_2qwPhqQFXX3Jncl
6,R_2rGk0lip6x6ezhE
13,R_2rIrFKQLK6Z4MWb
1,R_2rp9FEyPpUS793P
9,R_2sU4CHt784Da7tm
5,R_2thF4QUZKNd9wXl
5,R_2tm1Fn4aviukvIl
6,R_2tn78oAxWETFehA
13,R_2ttHkY53RIVki60
5,R_2v24fG1glCOHhdu
6,R_2v64ruOiemr90lT
1,R_2vfid7ZvOKHFyfe
0,R_2w5JtqyycuNHNBl
13,R_2wKYNuquanAp2KV
6,R_2wSMuEYltZt0WeE
9,R_2wTuK5kUpF86b3H
9,R_2wpkk2n0E9YjAe1
9,R_2xP1P8CwG4ETvsy
9,R_2y3dfsq3LRNTUS9
1,R_2zSbWsUIpgj9mBA
6,R_2zZRDTAX4D9WENH
13,R_30csjktGEshpkBV
1,R_30nGo6k5lghs9z4
3,R_30vDGdWOKBBXD3K
8,R_31GZr9UAXcSQZ2C
6,R_31RH5OYIoLn7c6y
1,R_31Zv6cWJOulyeQo
9,R_31assbQkkt0xxZl
6,R_31snl7LXCWChF7I
1,R_31tHGkwefLJxNZu
9,R_32KDlRzqkm1BqnK
1,R_338xxVjAO82IMkW
6,R_33C3AYSbZYhWA99
10,R_33Cj7KrnTUcmqfz
9,R_33DCnPdZACX5GWO
12,R_33wJXQ3nx09Dbov
1,R_394Rta1BvBFahpL
9,R_3C1BDaREYJhc2SR
5,R_3D0c4fqlwbyL7Ha
5,R_3D0fa9WwvuCpeNK
9,R_3DqgIvjPcJv4Wb5
9,R_3EPV0xY1LzYh0DR
5,R_3ESSjYp572Md88M
5,R_3EtyF38a5fjKwod
9,R_3EzBOOFJyQt2UpG
9,R_3F7FIlhNRjWYyjv
10,R_3FKISw8gMgGZ1uq
9,R_3FP78iLonK8RXNK
13,R_3FPcEjG8TDrP7ot
1,R_3GcA0OlbHAuNz7D
1,R_3Gg29Ln2vjrxnhg
6,R_3GjO40XMZv1vF0L
9,R_3GkbfuR76o8ypT4
9,R_3HUe3ZRpqUBWxto
9,R_3Hoz85x7U9WS5is
9,R_3HpKLcSUiY1ubEX
5,R_3HqB0ij8RvtLZ4a
9,R_3I44ycHqWb44qpS
9,R_3JayJ4zWEYg86ZW
9,R_3JhpglXPnCcWirT
1,R_3Jqs4QKSyodxsgv
6,R_3KAzFPqXy2hkVLb
9,R_3KGFhtzhE4OlhIl
5,R_3KOMQFwEquL1mJU
1,R_3KZQkcIE9mZDqHM
9,R_3KusQm8Sdqn3Fxb
7,R_3L69LcS9j2TkLzZ
1,R_3MLFiJNf0IsvVrG
9,R_3MS7ZeTYdmdbfPs
5,R_3MbTEGD21vso05F
5,R_3Mbby8evfgmPnbR
1,R_3Mojv6RtMx6qoGO
1,R_3MrPtz2vLEfYqpa
9,R_3NQjbkypHAP6WLc
9,R_3Od0d0KbWrkWhve
1,R_3OiGSiplXNH9RN1
1,R_3PBtyI6uqItsvOX
9,R_3PZdSjYm2XlZN9A
6,R_3Pk93F0LhuJHRo6
1,R_3Pq4sOnYnv0dyOQ
5,R_3QVmWE69XzKgfLQ
1,R_3R1l4i8p8qL9RVZ
9,R_3ReVfZthNNmY0ae
0,R_3Rg3jKfpyvDPpCa
5,R_3WQAsCwefRB9Oil
9,R_3dNim0moT5xx7T0
1,R_3dYaM7N9raYzyNs
10,R_3edV9VP0PLxTggc
9,R_3eg0qHxIhwVR8QB
5,R_3ekHDifo3TePbdI
13,R_3ekIE2oTMLcDeZS
9,R_3emO63cyClKCoX1
5,R_3esiYrVsmaaVuxc
6,R_3fE4QrHm1ofNLAv
9,R_3fOGzOKlcHBUJ5F
10,R_3fVmb0k09ahEaD2
1,R_3fjm34eQXiSYRrQ
10,R_3flRo1CtANQUbts
13,R_3g1vslKBQN37rd2
1,R_3gLPjLueGvpViPV
13,R_3hbvtocq37mW2Um
1,R_3hyjelkA888TJjJ
0,R_3hztxFjxTnrCM0M
6,R_3iPz3fFY9Y6i68P
9,R_3iVvTNpKuIc5JjU
1,R_3iwNKgn6379hd52
9,R_3jetuAidlSA7Bvt
1,R_3kESJX6khUI56Bj
6,R_3lXNsKpTKga2Y0q
5,R_3mb2JVK2ALMEdr8
9,R_3mmW9R7ovnDpoko
5,R_3nC44WvwVF2Lvnr
1,R_3nJ0L4VhtUwzK8B
9,R_3nPqTUmuVlovBii
9,R_3nxwGOiFYBMedtC
9,R_3p2SuvV4NdBq6NW
9,R_3pm4M7EGBgKIVWE
5,R_3pmp0x5faQBdvg3
6,R_3qeXvrg075jCACx
1,R_3qqxoe7xGcD2oVs
5,R_3qrETFdzQkgO6RQ
1,R_3r193ovJyOzy8tZ
9,R_3rHSceJJuvdpAuC
13,R_3rINJ5T7EM1k1WX
9,R_3rYZls9NkBOIqEo
1,R_3s4YdpIruWtlYyY
9,R_3sBxAjj7EE7ducd
1,R_3spIZ5Z6r9hyFdE
1,R_3sv9z3RQ4JkjCr9
0,R_3sz6vHipETO2jmh
6,R_4MDPIxG00aSGmlz
11,R_4OfrquFaq0XNtu1
13,R_5BDzvC4wqZTsdnH
6,R_5bBHTOHTPVt6c1P
1,R_5mvW5YWBV4k9GuZ
1,R_5ptwW0LAKmabGE1
9,R_6VWE6GQIFk55PI5
13,R_6lHRcZBd0MSBtOp
1,R_6sda2t8R3tsh9e1
1,R_71jKqZRBZXVLoeB
9,R_7Onhvza67tHSY9z
1,R_8641LBNQO7lbv9v
9,R_8BLR4bkonAdqIil
13,R_8p2GWQzd6CmgqbL
6,R_8udN9Dql4sPU43D
6,R_9B3nTHnWtyyecet
13,R_9HtqFkIvDpzl4Yx
5,R_9MpspbfQlUH2kKd
9,R_9RG23tAVzp4b09H
6,R_9WGh2FxJfuOPctz
6,R_9ZuvZW1G4fCIv3b
9,R_A1cS2hHTiZ2EfIZ
9,R_ALmmttrE90nUpNL
5,R_BMorexaPUrEcVdn
1,R_D1PBa2QM6JxF4Yx
1,R_D8ZdLNoNa5bLQch
9,R_D8osjozuVSHlApX
6,R_D8pTh55nOIpvxYZ
13,R_DCrXRq7iF4enlpn
1,R_DGHcV41uJPFzwDn
6,R_DknDmOKwFzO8SjL
13,R_NY0ACeKbbQ64Krv
10,R_O10atkwfz9CcTqp
5,R_O23XUZDhwTQo5xL
13,R_OHGpqIfBheKcIOl
5,R_PIo03EW5NoiE8HT
5,R_PuPEl9PBXjvvAB3
8,R_PuqKTb3Nd3Ld2uJ
5,R_R9d8GViqvXnLIm5
1,R_RDDlX8YmGsyTJ5f
9,R_REyso7CKIJVtzQR
9,R_RPLTZPitkjWdwqZ
9,R_RVKc99SIcDjKIo1
1,R_STrYLr8lNNjOWC5
6,R_Tu9BHWKsCN9Owal
1,R_Usynpo7UgTC79wR
9,R_UyCOdj4GH3gGt7H
9,R_XmRKVc33C5sZ88p
9,R_XnpKsG163hjNYFX
5,R_XtczqBOzpJOi1jj
9,R_XuAUldu8b3Fey5z
6,R_Y60RsHzJFMeGlIl
6,R_ZaTpqKdluvWpYTD
9,R_a61ZrFFORcpttqV
9,R_bIcmhp2jL9cadLX
9,R_bNQASffqViGVm0N
9,R_bkZO7MUHX3EgsJH
9,R_bseMNnz7yZLLOMx
9,R_cBZJa3IAjeO0kJb
5,R_cDaZBiRvRDA0SuB
5,R_d6ghLbjC4ND5HLH
5,R_dgkPp9kA5Xtj8K5
9,R_e2pg1ukxvOrDUJz
6,R_e3WoGzd13vGQzD3
1,R_e3a1rSYvy19lVrH
9,R_ePrkp9vi1FgC6dP
6,R_ekPS4FY1XtS5eCt
9,R_pPKybCtlJ4A8WxX
13,R_pfIfuU7tCAT0vNn
6,R_pir75TfQmafwnIJ
9,R_qCq5qonpwq61jah
3,R_qRBz31EUTNOSuwp
4,R_qVEcKbKewwF2tyN
5,R_r3FvkX8asmgdJEB
1,R_rkgY3Avr1uqPQqZ
1,R_s82qGzigJqd9PBn
5,R_sGtjyB3SrU5OMO5
6,R_sIo4EMl549roYSd
9,R_sMuLiF2RW8Q649j
1,R_sjUOEOXgWW9zbep
5,R_soHYTffJnEALkkN
5,R_svV8vVKMbtlIkNz
6,R_ufXGyZDKLNMnG7v
13,R_vCPGmvXeZ7qIGcN
10,R_vCSaDyZE3MFRoKR
9,R_vjz7NV6zTYQvSuZ
9,R_vrdaXKbbjeknqF3
5,R_wQKKoRLMsYvjnWx
9,R_xAhlXGrkZkRRL57
9,R_xDicsRIKLCjBWXD
13,R_xhgqq1y5rWrwh5T
9,R_yF75ugXHaWQJzGh
5,R_yX7TFZcnFXTIcbn
5,R_ym9xaktrFQkUBxf
1,R_z3kuiUCd6f0VkUF
